S.No.,CITY1,CITY2,"PASSENGERS TO CITY 2","PASSENGERS FROM CITY 2",TOTAL
1,AGARTALA,AHMEDABAD,359,147,506
2,AGARTALA,BENGALURU,"4,757","5,866","10,623"
3,AGARTALA,DELHI,"6,142","6,425","12,567"
4,AGARTALA,DIBRUGARH,65,0,65
5,AGARTALA,GUWAHATI,"9,583","11,031","20,614"
6,AGARTALA,IMPHAL,"1,386","2,863","4,249"
7,AGARTALA,KOLKATA,"30,666","32,561","63,227"
8,AGARTALA,SHILLONG,393,420,813
9,AGATTI ISLAND,KOCHI,"1,765","2,312","4,077"
10,AGRA,AHMEDABAD,"1,922","2,016","3,938"
11,AGRA,BENGALURU,"2,927","2,952","5,879"
12,AGRA,BHOPAL,196,259,455
13,AGRA,JAIPUR,"1,091","1,041","2,132"
14,AGRA,LUCKNOW,777,636,"1,413"
15,AGRA,MUMBAI,"2,011","1,985","3,996"
16,AHMEDABAD,AMRITSAR,"5,359","5,181","10,540"
17,AHMEDABAD,BAGDOGRA,"1,204","1,014","2,218"
18,AHMEDABAD,BELGAUM,"1,140","1,230","2,370"
19,AHMEDABAD,BENGALURU,"34,025","33,230","67,255"
20,AHMEDABAD,BHOPAL,"2,267","2,280","4,547"
21,AHMEDABAD,BHUBANESWAR,"2,427","2,394","4,821"
22,AHMEDABAD,BHUJ,"1,331","1,398","2,729"
23,AHMEDABAD,CHANDIGARH,"4,716","4,535","9,251"
24,AHMEDABAD,CHENNAI,"19,301","19,523","38,824"
25,AHMEDABAD,COIMBATORE,954,771,"1,725"
26,AHMEDABAD,DABOLIM,"11,304","10,906","22,210"
27,AHMEDABAD,DehraDun,"5,178","4,070","9,248"
28,AHMEDABAD,DELHI,"103,380","101,995","205,375"
29,AHMEDABAD,DIU,"1,576","1,687","3,263"
30,AHMEDABAD,DURGAPUR,292,253,545
31,AHMEDABAD,Goa,"14,827","15,679","30,506"
32,AHMEDABAD,HYDERABAD,"17,950","17,622","35,572"
33,AHMEDABAD,INDORE,"6,507","6,369","12,876"
34,AHMEDABAD,JAIPUR,"8,201","7,890","16,091"
35,AHMEDABAD,JAISALMER,"1,409","1,911","3,320"
36,AHMEDABAD,JAMMU,"2,791","2,802","5,593"
37,AHMEDABAD,JODHPUR,"2,178","2,010","4,188"
38,AHMEDABAD,KOCHI,"5,279","5,320","10,599"
39,AHMEDABAD,KOLKATA,"15,798","15,237","31,035"
40,AHMEDABAD,LUCKNOW,"12,447","12,600","25,047"
41,AHMEDABAD,MUMBAI,"98,595","98,882","197,477"
42,AHMEDABAD,NAGPUR,"4,403","4,380","8,783"
43,AHMEDABAD,NASIK,"3,762","3,741","7,503"
44,AHMEDABAD,PATNA,"5,552","5,406","10,958"
45,AHMEDABAD,PORT BLAIR,396,0,396
46,AHMEDABAD,PUNE,"19,218","20,344","39,562"
47,AHMEDABAD,RAIPUR,"2,479","2,424","4,903"
48,AHMEDABAD,RANCHI,"3,000","2,957","5,957"
49,AHMEDABAD,SRINAGAR,"4,336","4,558","8,894"
50,AHMEDABAD,TRIVANDRUM,141,280,421
51,AHMEDABAD,UDAIPUR,"1,020",908,"1,928"
52,AHMEDABAD,VADODARA,277,0,277
53,AHMEDABAD,VARANASI,"4,415","4,545","8,960"
54,AHMEDABAD,VISAKHAPATNAM,354,317,671
55,AHMEDABAD,Ayodhya International Airport ,"1,484","1,309","2,793"
56,AIZAWL,DELHI,"2,884","3,091","5,975"
57,AIZAWL,GUWAHATI,"6,352","5,493","11,845"
58,AIZAWL,IMPHAL,"1,066",914,"1,980"
59,AIZAWL,KOLKATA,"6,456","5,627","12,083"
60,AIZAWL,SHILLONG,953,638,"1,591"
61,Kishangarh,NAGPUR,"1,182","1,312","2,494"
62,Kishangarh,PUNE,"1,058","1,246","2,304"
63,Kishangarh,SURAT,636,687,"1,323"
64,ALLAHABAD,BENGALURU,"3,579","3,138","6,717"
65,ALLAHABAD,BHOPAL,755,878,"1,633"
66,ALLAHABAD,BHUBANESWAR,"1,677","1,654","3,331"
67,ALLAHABAD,BILASPUR,470,452,922
68,ALLAHABAD,DehraDun,720,530,"1,250"
69,ALLAHABAD,DELHI,"4,771","4,630","9,401"
70,ALLAHABAD,LUCKNOW,"1,190","1,073","2,263"
71,ALLAHABAD,MUMBAI,"4,139","4,270","8,409"
72,ALLAHABAD,PUNE,"1,545","1,644","3,189"
73,AMRITSAR,BENGALURU,"3,579","4,133","7,712"
74,AMRITSAR,CHENNAI,140,0,140
75,AMRITSAR,DELHI,"42,781","47,465","90,246"
76,AMRITSAR,Goa,"2,673","2,784","5,457"
77,AMRITSAR,HYDERABAD,"3,870","4,378","8,248"
78,AMRITSAR,KULLU,101,85,186
79,AMRITSAR,MUMBAI,"17,463","17,502","34,965"
80,AMRITSAR,PUNE,"4,979","5,104","10,083"
81,AMRITSAR,SIMLA,131,95,226
82,AMRITSAR,SRINAGAR,"3,521","3,517","7,038"
83,AURANGABAD,BENGALURU,"2,848","2,951","5,799"
84,AURANGABAD,DELHI,"9,932","9,380","19,312"
85,AURANGABAD,HYDERABAD,"4,077","3,377","7,454"
86,AURANGABAD,MUMBAI,"12,890","11,695","24,585"
87,BAGDOGRA,BENGALURU,"30,094","29,330","59,424"
88,BAGDOGRA,CHENNAI,"5,943","6,157","12,100"
89,BAGDOGRA,DELHI,"46,195","45,855","92,050"
90,BAGDOGRA,DIBRUGARH,"2,711","2,473","5,184"
91,BAGDOGRA,GUWAHATI,"1,896","4,325","6,221"
92,BAGDOGRA,HYDERABAD,"5,401","5,435","10,836"
93,BAGDOGRA,KOLKATA,"37,716","36,675","74,391"
94,BAGDOGRA,MUMBAI,"10,589","10,838","21,427"
95,BAREILLY,BENGALURU,"1,154","1,185","2,339"
96,BAREILLY,DELHI,542,539,"1,081"
97,BAREILLY,MUMBAI,"2,071","2,092","4,163"
98,BELGAUM,BENGALURU,"4,223","3,872","8,095"
99,BELGAUM,DELHI,"3,519","2,975","6,494"
100,BELGAUM,HYDERABAD,"1,564","1,515","3,079"
101,BELGAUM,JAIPUR,667,615,"1,282"
102,BELGAUM,JODHPUR,827,791,"1,618"
103,BELGAUM,MUMBAI,"1,036","1,050","2,086"
104,BELGAUM,NAGPUR,552,567,"1,119"
105,BELGAUM,SURAT,721,660,"1,381"
106,BELGAUM,TIRUPATI,"1,031","1,037","2,068"
107,BENGALURU,BHOPAL,"6,180","6,499","12,679"
108,BENGALURU,BHUBANESWAR,"35,557","36,945","72,502"
109,BENGALURU,CHANDIGARH,"19,180","19,573","38,753"
110,BENGALURU,CHENNAI,"48,808","51,988","100,796"
111,BENGALURU,COIMBATORE,"9,083","10,012","19,095"
112,BENGALURU,DABOLIM,"46,358","49,166","95,524"
113,BENGALURU,DARBHANGA,"3,613","3,651","7,264"
114,BENGALURU,DehraDun,"3,005","2,929","5,934"
115,BENGALURU,DELHI,"202,724","201,415","404,139"
116,BENGALURU,DURGAPUR,"4,618","4,610","9,228"
117,BENGALURU,Goa,"26,963","30,530","57,493"
118,BENGALURU,GORAKHPUR,201,35,236
119,BENGALURU,GUWAHATI,"34,368","32,741","67,109"
120,BENGALURU,GWALIOR,993,"2,160","3,153"
121,BENGALURU,HUBLI,"3,943","4,248","8,191"
122,BENGALURU,HYDERABAD,"88,636","92,409","181,045"
123,BENGALURU,IMPHAL,778,"1,497","2,275"
124,BENGALURU,INDORE,"13,722","14,566","28,288"
125,BENGALURU,JAIPUR,"30,206","29,274","59,480"
126,BENGALURU,JAMMU,768,871,"1,639"
127,BENGALURU,JAMNAGAR,"1,196","1,135","2,331"
128,BENGALURU,JHARSUGUDA,"4,745","4,868","9,613"
129,BENGALURU,JODHPUR,"5,319","5,292","10,611"
130,BENGALURU,Cuddapah,406,532,938
131,BENGALURU,KALABURAGI,"2,004","2,110","4,114"
132,BENGALURU,KANNUR,"7,763","7,959","15,722"
133,BENGALURU,KANPUR,318,349,667
134,BENGALURU,KOCHI,"57,592","60,406","117,998"
135,BENGALURU,KOLHAPUR,"2,944","3,093","6,037"
136,BENGALURU,KOLKATA,"97,699","94,467","192,166"
137,BENGALURU,KOZHIKODE,"7,673","9,564","17,237"
138,BENGALURU,KURNOOL,405,590,995
139,BENGALURU,LUCKNOW,"32,573","33,966","66,539"
140,BENGALURU,MADURAI,"7,875","8,563","16,438"
141,BENGALURU,MANGALORE,"25,564","27,945","53,509"
142,BENGALURU,MUMBAI,"185,646","193,499","379,145"
143,BENGALURU,NAGPUR,"12,053","12,137","24,190"
144,BENGALURU,PATNA,"20,101","20,511","40,612"
145,BENGALURU,PONDICHERRY,"2,054","2,142","4,196"
146,BENGALURU,PORT BLAIR,"8,952","9,441","18,393"
147,BENGALURU,PUNE,"78,547","80,425","158,972"
148,BENGALURU,RAIPUR,"9,562","9,868","19,430"
149,BENGALURU,RAJAHMUNDRY,"4,040","4,463","8,503"
150,BENGALURU,Rajkot International Airport,"2,898","2,909","5,807"
151,BENGALURU,RANCHI,"17,519","18,653","36,172"
152,BENGALURU,SALEM,"1,080","1,589","2,669"
153,BENGALURU,SHIRDI,"7,547","7,580","15,127"
154,BENGALURU,Shivamogga Airport,"1,354","1,564","2,918"
155,BENGALURU,SRINAGAR,"1,281","1,538","2,819"
156,BENGALURU,SURAT,"10,367","10,536","20,903"
157,BENGALURU,TIRUCHIRAPALLY,"6,035","6,138","12,173"
158,BENGALURU,TIRUPATI,"1,948","2,078","4,026"
159,BENGALURU,TRIVANDRUM,"29,573","34,642","64,215"
160,BENGALURU,TUTICORIN,"2,227","2,107","4,334"
161,BENGALURU,UDAIPUR,"5,480","5,197","10,677"
162,BENGALURU,VADODARA,"1,910","1,870","3,780"
163,BENGALURU,VARANASI,"20,582","20,453","41,035"
164,BENGALURU,VIDYANAGAR,"1,497","1,743","3,240"
165,BENGALURU,VIJAYAWADA,"10,835","11,485","22,320"
166,BENGALURU,VISAKHAPATNAM,"19,905","20,830","40,735"
167,BENGALURU,Ayodhya International Airport ,"1,146",916,"2,062"
168,BHATINDA,DELHI,553,603,"1,156"
169,BHATINDA,GHAZIABAD,52,30,82
170,BHAVNAGAR,MUMBAI,"2,166","2,088","4,254"
171,BHAVNAGAR,PUNE,"2,165","2,088","4,253"
172,BHOPAL,DELHI,"27,621","26,147","53,768"
173,BHOPAL,Goa,"1,165","1,195","2,360"
174,BHOPAL,GWALIOR,166,0,166
175,BHOPAL,HYDERABAD,"2,211","2,213","4,424"
176,BHOPAL,JAIPUR,"2,139","1,925","4,064"
177,BHOPAL,KOCHI,260,358,618
178,BHOPAL,LUCKNOW,7,5,12
179,BHOPAL,MUMBAI,"13,911","13,667","27,578"
180,BHOPAL,RAIPUR,"2,195","2,218","4,413"
181,BHOPAL,UDAIPUR,513,489,"1,002"
182,BHUBANESWAR,CHENNAI,"9,926","9,133","19,059"
183,BHUBANESWAR,DELHI,"48,161","47,695","95,856"
184,BHUBANESWAR,Goa,"1,564","1,653","3,217"
185,BHUBANESWAR,GUWAHATI,"5,135","5,056","10,191"
186,BHUBANESWAR,HYDERABAD,"13,820","14,315","28,135"
187,BHUBANESWAR,JAMSHEDPUR,190,185,375
188,BHUBANESWAR,JEYPORE,341,340,681
189,BHUBANESWAR,JHARSUGUDA,671,621,"1,292"
190,BHUBANESWAR,KOLKATA,"24,102","23,692","47,794"
191,BHUBANESWAR,LUCKNOW,"1,548","1,565","3,113"
192,BHUBANESWAR,MUMBAI,"24,522","24,798","49,320"
193,BHUBANESWAR,PUNE,"9,041","9,115","18,156"
194,BHUBANESWAR,RAIPUR,"2,062","1,987","4,049"
195,BHUBANESWAR,RANCHI,"1,317","1,295","2,612"
196,BHUBANESWAR,ROURKELA,36,85,121
197,BHUBANESWAR,Utkela,59,98,157
198,BHUBANESWAR,VARANASI,749,491,"1,240"
199,BHUJ,MUMBAI,"1,581","1,792","3,373"
200,BIKANER,DELHI,272,281,553
201,BILASPUR,DELHI,0,69,69
202,BILASPUR,JABALPUR,620,675,"1,295"
203,CHANDIGARH,CHENNAI,"4,838","5,442","10,280"
204,CHANDIGARH,DABOLIM,"5,709","5,142","10,851"
205,CHANDIGARH,DehraDun,0,77,77
206,CHANDIGARH,DELHI,"26,291","26,657","52,948"
207,CHANDIGARH,Goa,"4,621","4,697","9,318"
208,CHANDIGARH,GUWAHATI,520,702,"1,222"
209,CHANDIGARH,HYDERABAD,"5,925","6,076","12,001"
210,CHANDIGARH,INDORE,"1,932","2,079","4,011"
211,CHANDIGARH,JAIPUR,"4,861","5,018","9,879"
212,CHANDIGARH,KOCHI,92,92,184
213,CHANDIGARH,KOLKATA,"4,649","5,630","10,279"
214,CHANDIGARH,LEH,"2,424","2,857","5,281"
215,CHANDIGARH,LUCKNOW,"2,216","2,138","4,354"
216,CHANDIGARH,MUMBAI,"26,949","27,453","54,402"
217,CHANDIGARH,PATNA,"2,031","2,071","4,102"
218,CHANDIGARH,PUNE,"1,845","1,506","3,351"
219,CHANDIGARH,SRINAGAR,"4,443","4,118","8,561"
220,CHENNAI,COIMBATORE,"29,284","31,492","60,776"
221,CHENNAI,DABOLIM,"4,855","5,202","10,057"
222,CHENNAI,DELHI,"102,766","104,314","207,080"
223,CHENNAI,DIBRUGARH,676,632,"1,308"
224,CHENNAI,DURGAPUR,787,957,"1,744"
225,CHENNAI,Goa,"6,774","8,331","15,105"
226,CHENNAI,GUWAHATI,"14,148","14,827","28,975"
227,CHENNAI,HUBLI,715,715,"1,430"
228,CHENNAI,HYDERABAD,"59,733","61,696","121,429"
229,CHENNAI,INDORE,"5,049","5,073","10,122"
230,CHENNAI,JAIPUR,"7,416","6,941","14,357"
231,CHENNAI,Cuddapah,543,693,"1,236"
232,CHENNAI,KANNUR,"1,843","2,042","3,885"
233,CHENNAI,KANPUR,4,8,12
234,CHENNAI,KOCHI,"23,572","25,639","49,211"
235,CHENNAI,KOLKATA,"32,088","32,124","64,212"
236,CHENNAI,KOZHIKODE,"3,802","4,143","7,945"
237,CHENNAI,KURNOOL,409,412,821
238,CHENNAI,LUCKNOW,"5,923","5,906","11,829"
239,CHENNAI,MADURAI,"16,286","17,078","33,364"
240,CHENNAI,MANGALORE,"2,808","2,961","5,769"
241,CHENNAI,MUMBAI,"114,843","120,294","235,137"
242,CHENNAI,MYSORE,"1,791","1,767","3,558"
243,CHENNAI,PATNA,"2,371","2,838","5,209"
244,CHENNAI,PORT BLAIR,"26,085","28,517","54,602"
245,CHENNAI,PUNE,"29,458","32,037","61,495"
246,CHENNAI,RAIPUR,"2,507","2,572","5,079"
247,CHENNAI,RAJAHMUNDRY,"1,973","2,222","4,195"
248,CHENNAI,RANCHI,"7,687","7,351","15,038"
249,CHENNAI,SALEM,"1,864","2,016","3,880"
250,CHENNAI,SHIRDI,"5,737","5,750","11,487"
251,CHENNAI,SRINAGAR,0,142,142
252,CHENNAI,SURAT,"3,218","3,253","6,471"
253,CHENNAI,TIRUCHIRAPALLY,"10,580","9,473","20,053"
254,CHENNAI,TRIVANDRUM,"15,941","18,968","34,909"
255,CHENNAI,TUTICORIN,"6,584","6,488","13,072"
256,CHENNAI,VARANASI,"4,263","4,876","9,139"
257,CHENNAI,VIJAYAWADA,"3,697","4,370","8,067"
258,CHENNAI,VISAKHAPATNAM,"9,018","9,779","18,797"
259,COIMBATORE,DELHI,"14,721","14,527","29,248"
260,COIMBATORE,DURGAPUR,73,64,137
261,COIMBATORE,Goa,"1,397","1,686","3,083"
262,COIMBATORE,HYDERABAD,"10,032","10,339","20,371"
263,COIMBATORE,JAIPUR,724,565,"1,289"
264,COIMBATORE,KOLKATA,470,415,885
265,COIMBATORE,MUMBAI,"29,708","28,862","58,570"
266,COIMBATORE,PUNE,"4,720","4,671","9,391"
267,COIMBATORE,RAIPUR,129,139,268
268,COIMBATORE,SURAT,237,191,428
269,COIMBATORE,VISAKHAPATNAM,0,526,526
270,COOCH BEHAR,KOLKATA,204,205,409
271,DABOLIM,DELHI,"78,194","71,861","150,055"
272,DABOLIM,HYDERABAD,"38,830","37,993","76,823"
273,DABOLIM,INDORE,"3,766","4,066","7,832"
274,DABOLIM,KOCHI,"4,918","4,531","9,449"
275,DABOLIM,KOLKATA,"6,261","5,802","12,063"
276,DABOLIM,LUCKNOW,"5,319","5,294","10,613"
277,DABOLIM,MUMBAI,"66,761","64,087","130,848"
278,DABOLIM,RAIPUR,"5,875","5,905","11,780"
279,DABOLIM,SURAT,"6,204","5,029","11,233"
280,DARBHANGA,DELHI,"4,241","4,427","8,668"
281,DARBHANGA,HYDERABAD,"2,951","3,173","6,124"
282,DARBHANGA,KOLKATA,"1,515","1,843","3,358"
283,DARBHANGA,MUMBAI,"1,890","1,890","3,780"
284,DehraDun,DELHI,"20,428","20,025","40,453"
285,DehraDun,GHAZIABAD,1,1,2
286,DehraDun,Goa,"1,150","1,141","2,291"
287,DehraDun,HYDERABAD,"4,687","5,207","9,894"
288,DehraDun,JAIPUR,"2,396","2,915","5,311"
289,DehraDun,LUCKNOW,"3,970","4,308","8,278"
290,DehraDun,MUMBAI,"10,010","9,315","19,325"
291,DehraDun,PUNE,"4,021","3,844","7,865"
292,DELHI,Deoghar ,"2,299","2,109","4,408"
293,DELHI,DHARAMSALA,"6,830","6,269","13,099"
294,DELHI,DIBRUGARH,"8,802","8,858","17,660"
295,DELHI,DIMAPUR,"3,414","3,479","6,893"
296,DELHI,DURGAPUR,"5,060","4,928","9,988"
297,DELHI,GAYA,"4,873","4,940","9,813"
298,DELHI,Goa,"48,933","46,039","94,972"
299,DELHI,GORAKHPUR,"12,843","12,629","25,472"
300,DELHI,GUWAHATI,"63,194","65,812","129,006"
301,DELHI,GWALIOR,"4,012","3,697","7,709"
302,DELHI,HUBLI,"5,228","4,493","9,721"
303,DELHI,HYDERABAD,"125,954","131,108","257,062"
304,DELHI,IMPHAL,"7,719","8,012","15,731"
305,DELHI,INDORE,"35,305","34,948","70,253"
306,DELHI, Itanagar,"2,224","2,315","4,539"
307,DELHI,JABALPUR,"6,307","6,530","12,837"
308,DELHI,JAGDALPUR,257,353,610
309,DELHI,JAIPUR,"27,518","30,537","58,055"
310,DELHI,JAISALMER,"7,927","8,039","15,966"
311,DELHI,JAMMU,"18,739","18,865","37,604"
312,DELHI,JHARSUGUDA,"5,670","5,470","11,140"
313,DELHI,JODHPUR,"13,366","13,750","27,116"
314,DELHI,JORHAT,"1,279",894,"2,173"
315,DELHI,KANDLA,"2,497","2,339","4,836"
316,DELHI,KANPUR,"4,258","4,401","8,659"
317,DELHI,KHAJURAHO,"2,501","2,669","5,170"
318,DELHI,KOCHI,"43,050","43,939","86,989"
319,DELHI,KOLKATA,"119,251","118,865","238,116"
320,DELHI,KOZHIKODE,"5,154","5,169","10,323"
321,DELHI,KULLU,145,120,265
322,DELHI,LEH,"21,739","21,517","43,256"
323,DELHI,LUCKNOW,"65,374","64,617","129,991"
324,DELHI,MADURAI,"3,907","3,980","7,887"
325,DELHI,MANGALORE,"4,985","5,212","10,197"
326,DELHI,MUMBAI,"284,143","289,788","573,931"
327,DELHI,NAGPUR,"22,875","24,507","47,382"
328,DELHI,PANTNAGAR,58,56,114
329,DELHI,PATNA,"50,016","50,150","100,166"
330,DELHI,PORT BLAIR,"5,163","5,196","10,359"
331,DELHI,PUNE,"113,725","113,497","227,222"
332,DELHI,RAIPUR,"31,441","31,985","63,426"
333,DELHI,Rajkot International Airport,"9,917","9,803","19,720"
334,DELHI,RANCHI,"36,184","36,519","72,703"
335,DELHI,SHILLONG,702,702,"1,404"
336,DELHI,SHIRDI,"11,904","12,200","24,104"
337,DELHI,SILCHAR,"1,010",760,"1,770"
338,DELHI,SIMLA,967,538,"1,505"
339,DELHI,SRINAGAR,"88,501","93,899","182,400"
340,DELHI,SURAT,"16,469","16,384","32,853"
341,DELHI,TIRUPATI,"1,436",948,"2,384"
342,DELHI,TRIVANDRUM,"20,725","21,057","41,782"
343,DELHI,UDAIPUR,"28,195","29,071","57,266"
344,DELHI,VADODARA,"20,088","19,771","39,859"
345,DELHI,VARANASI,"26,000","26,929","52,929"
346,DELHI,VIJAYAWADA,"7,545","7,780","15,325"
347,DELHI,VISAKHAPATNAM,"15,973","16,468","32,441"
348,DELHI,Ayodhya International Airport ,"6,441","5,608","12,049"
349,Deoghar ,KOLKATA,800,791,"1,591"
350,Deoghar ,PATNA,262,258,520
351,Deoghar ,RANCHI,183,185,368
352,DHARAMSALA,SIMLA,98,70,168
353,DIBRUGARH,DIMAPUR,509,631,"1,140"
354,DIBRUGARH,GUWAHATI,"8,771","8,343","17,114"
355,DIBRUGARH,IMPHAL,"2,293","2,776","5,069"
356,DIBRUGARH, Itanagar,15,29,44
357,DIBRUGARH,KOLKATA,"10,307","11,141","21,448"
358,DIBRUGARH,SHILLONG,289,355,644
359,DIBRUGARH,TEZU,16,15,31
360,DIMAPUR,GUWAHATI,"2,859","1,514","4,373"
361,DIMAPUR,IMPHAL,640,700,"1,340"
362,DIMAPUR,KOLKATA,"6,928","6,435","13,363"
363,DIMAPUR,SHILLONG,512,452,964
364,DIU,KESHOD,70,40,110
365,DIU,MUMBAI,"1,801","1,792","3,593"
366,DIU,SURAT,"1,581","1,312","2,893"
367,DURGAPUR,HYDERABAD,"3,994","4,324","8,318"
368,DURGAPUR,MUMBAI,"4,122","4,078","8,200"
369,DURGAPUR,SURAT,0,43,43
370,GAYA,KOLKATA,"4,630","3,730","8,360"
371,Goa,HYDERABAD,"23,206","22,977","46,183"
372,Goa,JAIPUR,"6,530","6,355","12,885"
373,Goa,KOLKATA,"6,127","5,646","11,773"
374,Goa,MUMBAI,"62,493","59,017","121,510"
375,Goa,NAGPUR,"4,899","5,092","9,991"
376,Goa,NASIK,"1,799","1,851","3,650"
377,Goa,PATNA,"1,634","1,757","3,391"
378,Goa,PORT BLAIR,0,5,5
379,Goa,PUNE,"10,434","10,072","20,506"
380,Goa,Rajkot International Airport,"2,015","2,248","4,263"
381,Goa,RANCHI,"1,173","1,146","2,319"
382,Goa,Shivamogga Airport,518,706,"1,224"
383,Goa,SURAT,"1,900","1,253","3,153"
384,Goa,VADODARA,"2,608","2,312","4,920"
385,Goa,VARANASI,"1,213","1,281","2,494"
386,Goa,VISAKHAPATNAM,"1,145","1,152","2,297"
387,Gondia ,HYDERABAD,624,658,"1,282"
388,GORAKHPUR,HYDERABAD,"4,739","4,892","9,631"
389,GORAKHPUR,KOLKATA,"1,814","1,711","3,525"
390,GORAKHPUR,LUCKNOW,"1,138","1,097","2,235"
391,GORAKHPUR,MUMBAI,"9,840","9,938","19,778"
392,GUWAHATI,HYDERABAD,"6,376","6,277","12,653"
393,GUWAHATI,IMPHAL,"19,417","20,635","40,052"
394,GUWAHATI,JAIPUR,"5,158","5,005","10,163"
395,GUWAHATI,JORHAT,"1,408","1,536","2,944"
396,GUWAHATI,KOLKATA,"43,634","43,608","87,242"
397,GUWAHATI,LILABARI,162,227,389
398,GUWAHATI,LUCKNOW,"1,883","2,193","4,076"
399,GUWAHATI,MUMBAI,"21,860","21,670","43,530"
400,GUWAHATI,PASIGHAT,460,555,"1,015"
401,GUWAHATI,SHILLONG,404,711,"1,115"
402,GUWAHATI,SILCHAR,"2,268","2,270","4,538"
403,GUWAHATI,TEZPUR,118,250,368
404,GWALIOR,HYDERABAD,"1,386","1,360","2,746"
405,GWALIOR,INDORE,389,353,742
406,GWALIOR,MUMBAI,"4,673","4,594","9,267"
407,HUBLI,HYDERABAD,"2,025","1,893","3,918"
408,HUBLI,MUMBAI,"4,014","4,113","8,127"
409,HYDERABAD,IMPHAL,485,472,957
410,HYDERABAD,INDORE,"14,512","15,101","29,613"
411,HYDERABAD,JABALPUR,"1,820","1,906","3,726"
412,HYDERABAD,JAGDALPUR,"1,232","1,259","2,491"
413,HYDERABAD,JAIPUR,"24,655","23,001","47,656"
414,HYDERABAD,JAMMU,380,0,380
415,HYDERABAD,JAMNAGAR,"1,135","1,080","2,215"
416,HYDERABAD,JODHPUR,"5,031","4,989","10,020"
417,HYDERABAD,KANNUR,"1,807","2,055","3,862"
418,HYDERABAD,KOCHI,"31,830","33,512","65,342"
419,HYDERABAD,KOLHAPUR,"1,816","1,807","3,623"
420,HYDERABAD,KOLKATA,"43,717","42,238","85,955"
421,HYDERABAD,KOZHIKODE,"2,032","2,184","4,216"
422,HYDERABAD,LUCKNOW,"13,523","13,903","27,426"
423,HYDERABAD,MADURAI,"4,923","4,966","9,889"
424,HYDERABAD,MANGALORE,"3,798","3,811","7,609"
425,HYDERABAD,MUMBAI,"108,612","105,344","213,956"
426,HYDERABAD,MYSORE,"2,631","2,488","5,119"
427,HYDERABAD,NAGPUR,"5,270","5,541","10,811"
428,HYDERABAD,NASIK,"2,468","2,464","4,932"
429,HYDERABAD,PATNA,"9,707","9,134","18,841"
430,HYDERABAD,PONDICHERRY,"2,433","2,474","4,907"
431,HYDERABAD,PORT BLAIR,"4,692","4,925","9,617"
432,HYDERABAD,PUNE,"22,792","23,880","46,672"
433,HYDERABAD,RAIPUR,"9,095","9,317","18,412"
434,HYDERABAD,RAJAHMUNDRY,"11,767","11,669","23,436"
435,HYDERABAD,RANCHI,"8,322","8,605","16,927"
436,HYDERABAD,SALEM,756,806,"1,562"
437,HYDERABAD,SHIRDI,"8,732","8,616","17,348"
438,HYDERABAD,Shivamogga Airport,743,728,"1,471"
439,HYDERABAD,SRINAGAR,"6,150","6,018","12,168"
440,HYDERABAD,SURAT,"6,445","6,238","12,683"
441,HYDERABAD,TIRUCHIRAPALLY,"6,358","5,990","12,348"
442,HYDERABAD,TIRUPATI,"28,907","28,441","57,348"
443,HYDERABAD,TRIVANDRUM,"9,077","9,922","18,999"
444,HYDERABAD,UDAIPUR,"5,991","5,858","11,849"
445,HYDERABAD,VADODARA,"4,773","4,611","9,384"
446,HYDERABAD,VARANASI,"8,437","8,089","16,526"
447,HYDERABAD,VIDYANAGAR,610,790,"1,400"
448,HYDERABAD,VIJAYAWADA,"12,539","12,665","25,204"
449,HYDERABAD,VISAKHAPATNAM,"28,579","29,641","58,220"
450,IMPHAL,KOLKATA,"14,847","13,914","28,761"
451,IMPHAL,SHILLONG,976,774,"1,750"
452,IMPHAL,SILCHAR,"1,974","1,921","3,895"
453,INDORE,JABALPUR,"1,677","1,794","3,471"
454,INDORE,JAIPUR,"4,533","4,148","8,681"
455,INDORE,JAMMU,"2,102","1,852","3,954"
456,INDORE,JODHPUR,"1,953","1,794","3,747"
457,INDORE,KOLKATA,"5,945","5,822","11,767"
458,INDORE,LUCKNOW,"3,845","3,421","7,266"
459,INDORE,MUMBAI,"30,827","29,056","59,883"
460,INDORE,NAGPUR,"3,601","4,201","7,802"
461,INDORE,NASIK,"2,069","1,773","3,842"
462,INDORE,PUNE,"5,142","4,893","10,035"
463,INDORE,RAIPUR,"3,900","4,021","7,921"
464,INDORE,Rajkot International Airport,"1,830","1,782","3,612"
465,INDORE,SHIRDI,"1,723","1,653","3,376"
466,INDORE,SURAT,"2,140","1,974","4,114"
467,INDORE,UDAIPUR,"1,631","1,544","3,175"
468,INDORE,VARANASI,0,52,52
469, Itanagar,KOLKATA,"4,037","3,853","7,890"
470, Itanagar,PASIGHAT,30,11,41
471, Itanagar,Ziro,7,15,22
472,JABALPUR,MUMBAI,"2,100","2,102","4,202"
473,JAGDALPUR,RAIPUR,433,299,732
474,JAIPUR,JAISALMER,"1,779","1,714","3,493"
475,JAIPUR,JODHPUR,"1,986","1,843","3,829"
476,JAIPUR,KOLKATA,"13,990","13,525","27,515"
477,JAIPUR,LUCKNOW,"2,110","2,135","4,245"
478,JAIPUR,MUMBAI,"61,338","61,741","123,079"
479,JAIPUR,PUNE,"11,622","11,324","22,946"
480,JAIPUR,SURAT,"6,943","7,327","14,270"
481,JAIPUR,UDAIPUR,"3,400","3,451","6,851"
482,JAIPUR,VARANASI,"2,533","2,538","5,071"
483,JAISALMER,MUMBAI,"6,172","5,811","11,983"
484,JAMMU,LEH,"3,129","3,727","6,856"
485,JAMMU,MUMBAI,"3,203","4,509","7,712"
486,JAMMU,SRINAGAR,"19,079","18,960","38,039"
487,JAMNAGAR,MUMBAI,"4,684","5,269","9,953"
488,JAMSHEDPUR,KOLKATA,196,180,376
489,JEYPORE,VISAKHAPATNAM,219,194,413
490,JHARSUGUDA,KOLKATA,"2,228","2,031","4,259"
491,JODHPUR,MUMBAI,"13,780","14,890","28,670"
492,JODHPUR,PUNE,"4,485","4,436","8,921"
493,JORHAT,KOLKATA,"4,986","5,046","10,032"
494,Cuddapah,VIJAYAWADA,463,319,782
495,Cuddapah,VISAKHAPATNAM,439,426,865
496,KALABURAGI,TIRUPATI,713,609,"1,322"
497,KANDLA,MUMBAI,"2,448","2,370","4,818"
498,KANNUR,KOCHI,"1,991","1,904","3,895"
499,KANNUR,MUMBAI,"4,846","4,640","9,486"
500,KANNUR,TRIVANDRUM,"2,762","1,992","4,754"
501,KANPUR,MUMBAI,"4,600","4,642","9,242"
502,KESHOD,MUMBAI,414,493,907
503,KHAJURAHO,VARANASI,697,583,"1,280"
504,KOCHI,MUMBAI,"59,340","55,268","114,608"
505,KOCHI,PATNA,231,212,443
506,KOCHI,PUNE,"4,901","4,631","9,532"
507,KOCHI,RAIPUR,602,430,"1,032"
508,KOCHI,SALEM,183,296,479
509,KOCHI,TRIVANDRUM,"1,718","1,640","3,358"
510,KOCHI,VARANASI,2,384,386
511,KOLHAPUR,MUMBAI,"1,762","1,728","3,490"
512,KOLHAPUR,TIRUPATI,102,266,368
513,KOLKATA,LILABARI,724,770,"1,494"
514,KOLKATA,LUCKNOW,"11,481","12,327","23,808"
515,KOLKATA,MUMBAI,"78,355","79,428","157,783"
516,KOLKATA,NAGPUR,"6,231","6,125","12,356"
517,KOLKATA,PATNA,"10,644","10,506","21,150"
518,KOLKATA,PORT BLAIR,"28,723","30,598","59,321"
519,KOLKATA,PUNE,"14,492","15,099","29,591"
520,KOLKATA,RAIPUR,"11,182","11,436","22,618"
521,KOLKATA,RANCHI,"6,132","6,106","12,238"
522,KOLKATA,ROURKELA,33,0,33
523,KOLKATA,SHILLONG,"3,974","3,740","7,714"
524,KOLKATA,SILCHAR,"12,045","10,563","22,608"
525,KOLKATA,SRINAGAR,"1,107","1,704","2,811"
526,KOLKATA,SURAT,"5,006","5,086","10,092"
527,KOLKATA,TEZPUR,"2,759","2,641","5,400"
528,KOLKATA,VARANASI,"7,664","7,756","15,420"
529,KOLKATA,VISAKHAPATNAM,"4,637","4,887","9,524"
530,KOLKATA,Ayodhya International Airport ,857,733,"1,590"
531,KOZHIKODE,MUMBAI,"9,869","9,591","19,460"
532,KURNOOL,VISAKHAPATNAM,778,758,"1,536"
533,LEH,SRINAGAR,776,757,"1,533"
534,LILABARI,SHILLONG,"1,144",651,"1,795"
535,LILABARI,TEZPUR,103,127,230
536,LUCKNOW,MUMBAI,"41,520","41,839","83,359"
537,LUCKNOW,NAGPUR,"2,023","1,908","3,931"
538,LUCKNOW,PATNA,"4,281","4,208","8,489"
539,LUCKNOW,PUNE,"10,962","9,710","20,672"
540,LUCKNOW,RAIPUR,"2,069","2,157","4,226"
541,LUCKNOW,RANCHI,"2,200","2,167","4,367"
542,LUCKNOW,SHIRDI,158,301,459
543,LUCKNOW,VARANASI,785,387,"1,172"
544,MADURAI,MUMBAI,"5,897","7,328","13,225"
545,Malvan,MUMBAI,818,761,"1,579"
546,MANGALORE,MUMBAI,"30,015","30,291","60,306"
547,MANGALORE,PUNE,"1,710","1,654","3,364"
548,MUMBAI,NAGPUR,"27,323","27,955","55,278"
549,MUMBAI,PATNA,"14,576","14,047","28,623"
550,MUMBAI,PORT BLAIR,"4,926","5,008","9,934"
551,MUMBAI,PUNE,"2,179","2,386","4,565"
552,MUMBAI,RAIPUR,"17,048","17,236","34,284"
553,MUMBAI,Rajkot International Airport,"26,464","25,496","51,960"
554,MUMBAI,RANCHI,"10,471","9,527","19,998"
555,MUMBAI,SRINAGAR,"7,367","7,780","15,147"
556,MUMBAI,TIRUCHIRAPALLY,"5,047","4,188","9,235"
557,MUMBAI,TRIVANDRUM,"24,687","27,669","52,356"
558,MUMBAI,UDAIPUR,"24,880","24,351","49,231"
559,MUMBAI,VADODARA,"19,461","20,560","40,021"
560,MUMBAI,VARANASI,"28,185","28,082","56,267"
561,MUMBAI,VISAKHAPATNAM,"9,418","9,749","19,167"
562,MUMBAI,Ayodhya International Airport ,"3,236","2,890","6,126"
563,NAGPUR,NASIK,"1,894","1,583","3,477"
564,NAGPUR,PUNE,"15,342","14,657","29,999"
565,PATNA,PUNE,"5,404","5,133","10,537"
566,PATNA,RANCHI,"1,886","1,895","3,781"
567,PORT BLAIR,VISAKHAPATNAM,"1,108",803,"1,911"
568,PUNE,RAIPUR,"2,430","2,330","4,760"
569,PUNE,Rajkot International Airport,"1,861","1,936","3,797"
570,PUNE,RANCHI,"4,855","4,200","9,055"
571,PUNE,SURAT,"2,322","2,315","4,637"
572,PUNE,TRIVANDRUM,"4,119","4,469","8,588"
573,PUNE,VADODARA,"3,317","3,314","6,631"
574,PUNE,VISAKHAPATNAM,"2,158","2,332","4,490"
575,SHILLONG,SILCHAR,571,562,"1,133"
576,SHIRDI,TIRUPATI,552,483,"1,035"
577,SHIRDI,VIJAYAWADA,"1,477","1,641","3,118"
578,Shivamogga Airport,TIRUPATI,698,375,"1,073"
579,SURAT,UDAIPUR,"1,952","1,801","3,753"
580,TIRUPATI,VIJAYAWADA,"1,084","1,150","2,234"
581,TIRUPATI,VISAKHAPATNAM,"1,467","1,859","3,326"
582,VARANASI,VISAKHAPATNAM,276,52,328
583,VIJAYAWADA,VISAKHAPATNAM,"1,904","1,584","3,488"
SUB TOTAL,,,"6,530,525","6,601,078","13,131,603"
TOTAL,,,"13,131,603",,"13,131,603"